대분류,중분류,제목,작성시간,썸네일 이미지,썸네일 캡션,본문,기사주소,관련기사 제목1,관련기사 주소1,관련기사 이미지1,관련기사 제목2,관련기사 주소2,관련기사 이미지2,관련기사 제목3,관련기사 주소3,관련기사 이미지3,관련기사 제목4,관련기사 주소4,관련기사 이미지4,관련기사 제목5,관련기사 주소5,관련기사 이미지5
경제,경제일반,올해 ‘CES 혁신상’ 40% 한국 기업이 차지,2024-01-07 14:10,https://flexible.img.hani.co.kr/flexible/normal/640/241/imgdb/original/2024/0107/20240107501066.jpg,‘국제전자제품박람회(CES) 2024’ 홈페이지 캡처,"[%%IMAGE1%%]<br><p class=""text"">국내 기업들이 세계 최대 가전전시회가 선정하는 ‘혁신상’의 40% 이상을 차지했다.</p><p class=""text"">7일 중소벤처기업부 집계를 보면, 오는 9일(현지시각)부터 12일까지 미국 라스베이거스에서 열리는 ‘국제소비자가전전시회(CES·시이에스) 2024’ 에서 인공지능(AI)·디지털헬스·스마트시티·로봇공학 등 모두 28개 분야에서 혁신상 수상기업 <strong>313개사</strong>, 379개 제품을 선정했다. ‘CES 혁신상’은 전시회를 주최하는 미국소비자기술협회(CTA)가 혁신적인 아이디어와 기술을 선보인 기업과 제품을 선정해 주는 상이다.</p><p class=""text"">올해 시이에스에서 혁신상을 받은 국내 기업은 <strong>134개사</strong>(42.8%), 158개(41.6%) 제품이다. 국내 수상 기업의 86.6%(116개사)가 벤처·창업기업이며, 업력 7년 이내의 스타트업이 72.4%(97개사)를 차지했다. 국내 기업은 지난해에도 134개사가 혁신상을 받았다. 중기부는 “전시회 개막일까지 수상 규모가 더 늘어날 수 있다. 벤처·창업기업은 전년도 기록(111개사)을 이미 넘어섰다”고 밝혔다</p><p class=""text"">전체 전시 분야 중에서 가장 혁신적인 기술과 제품을 보유한 기업에 수여하는 ‘최고혁신상(Best of Innovation)’은 27개사가 수상했다. 국내 기업 중에서는 블록체인 기반 오프라인 기표소 솔루션을 전시한 지크립토를 비롯해 미드바르·스튜디오랩·탑테이블·원콤·로드시스템·만드로 등 8개사가 이름을 올렸다.</p><p class=""text"">김회승 기자 <a href=""mailto:honesty@hani.co.kr"">honesty@hani.co.kr</a></p>",https://www.hani.co.kr/arti/economy/economy_general/1123287.html,"모터쇼 안 간 현대차, CES에 축구장 크기 부스",https://www.hani.co.kr/arti/economy/marketing/1123265.html,https://flexible.img.hani.co.kr/flexible/normal/212/127/imgdb/child/2024/0107/53_17045891044743_20240107500481.jpg,"CES 첫 기조연설 나서는 정기선 HD현대 부회장, 미래 비전은?",https://www.hani.co.kr/arti/economy/marketing/1123000.html,https://flexible.img.hani.co.kr/flexible/normal/212/127/imgdb/child/2024/0104/53_17043526858025_20240104502882.jpg,미·중·한 참가기업만 3천여곳… AI 삼국지 될 CES2024,https://www.hani.co.kr/arti/economy/marketing/1122569.html,https://flexible.img.hani.co.kr/flexible/normal/212/127/imgdb/child/2024/0102/53_17041513960971_20240101502235.jpg,,,,,,
경제,금융·증권,"‘홍콩 ELS’ 판매 1위 국민은행, 직원들에 불완전판매 부추겼다",2024-01-07 12:00,https://flexible.img.hani.co.kr/flexible/normal/640/408/imgdb/original/2024/0107/20240107500841.jpg,금융감독원 전경. 신소영 기자,"[%%IMAGE1%%]<p><p class=""text"">케이비(KB)국민은행이 직원들의 주가연계증권(ELS) 판매 실적을 인사평가에 비중 있게 반영해온 것으로 드러났다. 라임·디엘에프(DLF) 불완전판매 사태를 부추겼다는 지적을 받았던 은행권의 핵심성과지표(KPI)가 다시금 도마 위에 오른 것이다. 금융당국은 현장검사에 나서 실제 불완전판매 여부를 확인할 계획이다.</p><p class=""text"">금융감독원은 지난해 11∼12월 실시한 점검에서 이런 사실을 확인했다고 7일 밝혔다. 금감원은 홍콩 H지수를 편입한 주가연계증권에서 대규모 손실이 예상됨에 따라 최대 판매사인 국민은행을 비롯해 12곳을 상대로 점검을 진행해왔다. 지난해 11월15일 기준으로 H지수 편입 주가연계증권 판매잔액 중 약 80%(15조4천억원)의 만기가 올해 돌아온다. 최근 H지수가 가입 시기인 2021년에 비해 크게 떨어진 상태인 만큼 대부분 원금 손실이 불가피할 전망이다.</p><p class=""text"">점검 결과 국민은행은 주가연계증권 판매 확대를 유도하는 핵심성과지표를 운영해온 것으로 나타났다. 주가연계증권은 통상 6개월마다 기초자산의 가격을 보고 특정 수준 이상인 경우 조기상환을 해주는 구조의 상품이다. 조기상환 때는 원금과 함께 쿠폰 이자를 지급한다. 국민은행은 기초자산 가격이 너무 낮아서 조기상환이 이뤄지지 않은 경우에도 6개월마다 쿠폰 이자를 판매 직원의 핵심성과지표에 반영한 것으로 드러났다. 핵심성과지표의 41%가 주가연계증권 판매와 직간접적으로 연계돼 있는 것으로도 나타났다.</p><p class=""text"">금감원은 이런 핵심성과지표 체계가 불완전판매를 부추겼을 가능성을 의심하고 있다. 인사평가를 염두에 둔 판매 직원들이 고객의 중도해지 요청을 무마했을 여지도 있다. 이처럼 판매 실적을 비중 있게 반영하는 핵심성과지표는 과거 라임·디엘에프 불완전판매 사태 때도 주요 원인 중 하나로 지목된 바 있다. 이후 은행들은 판매 실적이 아닌 고객 수익률을 반영하는 쪽으로 개선해왔으나, 국민은행에서는 실질적인 개선이 이뤄지지 않은 셈이다. 박충현 금감원 부원장보는 “명목적으로는 고객 수익률을 반영하고 있지만 실질적으로는 판매 실적을 반영한 셈”이라고 말했다.</p><p class=""text"">본점 차원에서도 판매 확대를 위해 내부규정을 어긴 것으로 확인됐다. 국민은행 내부규정은 주가연계증권 기초자산의 변동성이 특정 수준을 웃도는 경우 자체적으로 설정해둔 판매목표금액의 50% 내에서만 판매하도록 하고 있다. 금감원은 2021년에 변동성이 해당 기준 이상으로 확대됐음에도 판매 한도를 목표금액의 50%에서 80%로 증액한 사례가 확인됐다고 밝혔다.</p><p class=""text"">금감원은 8일부터 국민은행과 한국투자증권을 시작으로 현장검사를 진행한다. 이달부터 손실 확정이 본격화하는 만큼 불완전판매 여부를 중점적으로 들여다본다는 계획이다. 고위험 상품인데도 잔액의 30% 안팎이 65살 이상의 투자자에게 판매됐다는 점도 불완전판매 가능성을 높이는 요인으로 거론되고 있다. 박 부원장보는 “불완전판매 등 판매 과정에서의 불법사항을 빨리 확인해서 배상 기준을 최대한 신속하게 확정할 생각”이라고 했다.</p><p class=""text"">이재연 기자 <a href=""mailto:jay@hani.co.kr"">jay@hani.co.kr</a></p></p>",https://www.hani.co.kr/arti/economy/finance/1123283.html,"금감원, 홍콩 ELS ‘배상 기준’ 마련한다는데…얼마나 돌려받을까",https://www.hani.co.kr/arti/economy/economy_general/1119546.html,https://flexible.img.hani.co.kr/flexible/normal/212/127/imgdb/child/2023/1208/53_17019860226921_20231207503889.jpg,중국 경기 반등한다는데…‘홍콩 ELS’ 원금 건질 수 있을까,https://www.hani.co.kr/arti/economy/finance/1112634.html,https://flexible.img.hani.co.kr/flexible/normal/212/112/imgdb/original/2023/1018/20231018502682.jpg,,,,,,,,,
경제,IT,‘에이닷 도청 논란 재발 막아야’ SKT ‘AI 거버넌스’ 정립,2024-01-07 11:23,https://flexible.img.hani.co.kr/flexible/normal/800/731/imgdb/original/2024/0107/20240107500754.jpg,에스케이텔레콤(SKT) 인공지능 의사결정 체계 정립 방향. 에스케이텔레콤 제공,"[%%IMAGE1%%]<br><p class=""text"">에스케이텔레콤(SKT)이 글로벌 인공지능(AI) 회사(컴퍼니) 도약을 목표로 하는 ‘인공지능 피라미드 전략’이 실행력을 갖기 위해서는, 인공지능 기술을 활용해 추구하고자 하는 가치가 무엇인지를 분명하게 보여주고, 인공지능 기술에 대한 신뢰성·안전성을 확보하는 게 무엇보다 중요하다는 판단에 따라 ‘인공지능 의사결정 체계(거버넌스)’를 새로 정립하기로 했다고 7일 밝혔다. 이 업체의 인공지능 기술을 활용한 통화내용 녹음·요약·재활용 서비스 ‘<a class=""linkstyle-u"" href=""/arti/economy/economy_general/1119566.html"" target=""_blank"" rel=""noopener"">에이닷(A.) 전화’가 도청 의혹 논란</a>에 휩싸인 가운데, 인공지능 의사결정 체계 재정립을 통해 이런 상황이 재발하는 것을 막겠다는 의도로 풀이된다.</p><p class=""text"">에스케이텔레콤은 “생성형 인공지능 기술이 급속도로 발전하며, 동시에 인공지능 기술에 대한 규제 필요성이 전 세계적으로 제기되고 있다”며 “인공지능에 대한 신뢰성과 안전성을 확보하기 위해 선제적으로 인공지능 의사결정 체계를 회사 경영 전반에 도입하기로 한 것”이라고 설명했다. 이 업체 관계자는 “인공지능 피라미드 전략이 실행력을 갖기 위해서는 인공지능에 대한 신뢰성과 안전성을 확보하는 게 무엇보다 중요하다는 판단에 따른 것”이라고 덧붙였다. 에스케이텔레콤은 인공지능 인프라, 인공지능 전환(AIX), 인공지능 서비스 등 3대 영역을 중심으로 인공지능 기술을 고도화하고, ‘자강’과 외부 동맹 중심의 ‘협력’을 통해 산업과 일상을 혁신하는 내용의 인공지능 피라미드 전략을 추진 중이다.</p><p class=""text"">에스케이텔레콤은 기준 제정, 전담 조직 및 역할 구체화, 프로세스 수립 등 3가지 방향에서 인공지능 의사결정 체계를 재정립하기로 했다. 우선 국내외 인공지능 관련 법·제도와 세계적 흐름을 검토해 인공지능을 통해 추구할 가치를 재정립하고, 업무지침을 수립할 계획이다. 기술 및 서비스를 개발하고 운영하는 과정에서 구성원들이 준수해야 할 내부 기준도 만든다.</p><p class=""text"">또한 인공지능 기술 개발 및 서비스 조직이 모두 참여하는 태스크포스(TF)를 운영한다. 태스크포스의 장은 이에스지(ESG)·법무·대외협력(CR) 등을 총괄하는 정재헌 대외협력 담당(사장)이 맡는다. 더불어 새 인공지능 의사결정 체계가 경영에 반영되고 지속적으로 선순환될 수 있도록 하는 프로세스를 수립한다. 이를 위해 학계 및 업계 전문가들로 외부 자문단을 구성해 다양한 외부 목소리도 들을 예정이다.</p><p class=""text"">정재헌 에스케이텔레콤 대외협력 담당은 “인공지능 의사결정 체계 정립은 글로벌 인공지능 컴퍼니로 도약하는 디딤돌 역할을 하게 될 것”이라며 “신뢰와 안전 기반의 인공지능을 확보하면서 산업과 일상을 혁신하는 인공지능 피라미드 전략이 강한 실행력을 가질 수 있도록 인공지능 의사결정 체계를 만들어 가겠다”고 밝혔다.</p><p class=""text"">김재섭 선임기자 <a href=""mailto:jskim@hani.co.kr"">jskim@hani.co.kr</a></p>",https://www.hani.co.kr/arti/economy/it/1123276.html,,,,,,,,,,,,,,,
경제,IT,"LGU+, 언어 AI 스타트업 포티투마루에 100억 지분 투자",2024-01-07 10:18,https://flexible.img.hani.co.kr/flexible/normal/800/592/imgdb/original/2024/0107/20240107500585.jpg,전병기 엘지유플러스(LGU+) 에이아이·데이터기술그룹장(오른쪽)과 김동환 포티투마루 대표가 100억원 지분투자를 뼈대로 하는 업무협약을 맺은 뒤 기념촬영을 하고 있다. 엘지유플러스 제공,"[%%IMAGE1%%]<br><p class=""text"">엘지유플러스(LGU+)가 새해에는 독보적인 기술을 보유한 유망 테크 기업들에 대한 전략적 투자와 협업을 확대한다는 전략을 마련하고, 그 전략의 일환으로 언어 인공지능(AI) 전문 스타트업 포티투마루에 100억원 규모의 지분투자를 했다.</p><p class=""text"">엘지유플러스는 기업간거래(B2B) 사업 역량 강화를 위해 포티투마루(42Maru)와 100억원 규모 지분투자와 사업협력을 뼈대로 하는 업무협약을 맺었다고 7일 밝혔다. 이 업체는 “2024년에도 독보적인 기술을 보유한 유망 테크 기업들에 전략적 투자와 협업을 확대해 플랫폼·인공지능(AI)·데이터 등 신사업 역량 강화에 속도를 낸다는 계획을 마련했다”며 “포티투마루와 협약이 첫 사례”라고 설명했다.</p><p class=""text"">포티투마루는 인공지능 기반 딥 시맨틱(Deep Semantic) 질의응답(Question Answering) 솔루션을 보유한 기업이다. 딥 시맨틱 질의응답이란 정답 후보군을 여러 개 제시하는 기존 인공지능 구동 방법보다 진화된 기술로, 사용자의 질의를 의미적으로 이해한 후 단 하나의 대답을 도출해내는 기술이다. 엘지유플러스는 “특히 포티투마루 솔루션은 각 기업별 도메인 특화가 가능해, 답변의 정확도를 높이고 인공지능 허위정보(할루시네이션)를 최소화할 수 있을 뿐만 아니라 일반 인공지능 솔루션 대비 비용 효율이 높은 것으로 평가되고 있다”며 “이번 투자를 통해 에이아이시시(AICC, Artificial Intelligence Contact Center) 및 거대 언어 모델(LLM, Large Language Model)과 관련한 비투비 사업의 수주부터 구축·운영까지 전체 과정에 대한 경쟁력을 높여나갈 예정”이라고 밝혔다.</p><p class=""text"">두 업체는 인공지능 솔루션 고도화 및 신규 서비스 출시를 위한 거대 언어 모델 및 인공지능 관련 기술에 대한 공동 연구개발도 진행한다. 엘지그룹의 초거대 인공지능 ‘엑사원’(EXAONE)에 기반한 엘지유플러스의 통신 특화 거대 언어모델 익시젠(ixi-GEN)과 포티투마루의 딥러닝 기반 기계 독해 솔루션(MRC42) 및 검색 증강 생성 솔루션(RAG42)과의 시너지를 꾀한다.</p><p class=""text"">전병기 엘지유플러스 에이아이·데이터기술그룹장(전무)은 “통신·금융·제조·교육 등 다양한 인공지능 솔루션 프로젝트를 성공적으로 수행한 포티투마루에 대한 투자를 통해 비투비 고객들에게 차별화된 인공지능 서비스를 제공할 수 있게 됐다”고 말했다. 김동환 포티투마루 대표는 “엘지유플러스와의 협업은 포티투마루의 초거대 인공지능 상용화를 가속화할 수 있는 기회가 될 것”고 밝혔다.</p><p class=""text"">김재섭 선임기자 <a href=""mailto:jskim@hani.co.kr"">jskim@hani.co.kr</a></p>",https://www.hani.co.kr/arti/economy/it/1123270.html,,,,,,,,,,,,,,,
경제,경제일반,[단독] bhc ‘쿠폰 차액’ 3천원인데…“본사가 1180원 부담”이라니,2024-01-07 10:00,https://flexible.img.hani.co.kr/flexible/normal/640/344/imgdb/original/2024/0107/20240107500512.jpg,비에이치씨의 대표 메뉴인 뿌링클 순살도 3천원 올라 2만1천원이 됐다. 비에이치씨 누리집 갈무리,"[%%IMAGE1%%]<p><p class=""text"">치킨 가격 3천원 인상 뒤 기존 가격으로 발행된 <a class=""linkstyle-u"" href=""https://www.hani.co.kr/arti/economy/consumer/1122470.html"" target=""_blank"" rel=""noopener"">이(e)-쿠폰 차액을 가맹점주들에게 떠넘겨 비난</a>을 산 비에이치씨(bhc) 본사가 쿠폰 차액 일부를 부담하기로 했다. 공정거래위원회 ‘불공정거래행위 심사지침’ 위반 논란은 물론 소비자들의 반발에 무릎 꿇은 모양새다. 하지만 점주들은 여전히 “차액 60% 이상을 점주 부담으로 돌리는 것은 이해가 가지 않는다”고 반발하고 있다.</p><p class=""text"">7일 비에이치씨 점주들의 말을 종합하면, 본사는 지난 5일 점주 공지사항에 “이-쿠폰 회수 건당 1180원씩 2개월 단위로 정산해주기로 했다”며 “쿠폰 유효기간이 5년임을 고려해 2028년 12월31일까지 적용된다”고 안내했다. 소비자가 가격 인상 전에 미리 구매한 2만원짜리 이-쿠폰으로 2만3천원짜리 뿌링클 순살을 주문하면, 차액 3천원 가운데 본사가 1180원을 정산해준다는 뜻이다. 점주 부담은 1820원이다.</p><p class=""text"">이름을 밝히길 꺼린 한 점주는 “쿠폰 차액 3천원 전액을 점주들에게 떠넘기자 화가 난 일부 점주들이 소비자들에게 추가금을 요구하면서 본사에 항의가 빗발친 것으로 안다”며 “참다못한 일부 점주는 공정위에 본사의 불법행위를 바로잡아 달라는 민원을 넣기도 했다”고 전했다.</p><p class=""text"">현행 공정위 표준약관에 따르면, 원재료 가격 상승 등 어떤 이유로도 소비자에게 추가대금을 요구할 수 없다. 또한 지난달 29일 공정위가 행정 예고한 ‘가맹분야 불공정거래행위 심사지침’ 제정안은 ‘모바일 상품권(이-쿠폰) 발행 이후 상품 판매가격이 인상돼 차액이 발생하는 경우, 합리적 사유 없이 그 비용을 일방적으로 가맹점주에게 부담시키는 행위’를 불법행위로 못 박고 있다. 비에이치씨 본사가 쿠폰 차액을 점주들에게 떠넘기고, 점주들은 이를 소비자에게 전가하는 ‘연쇄적인 불법행위’가 벌어졌던 셈이다.</p><p class=""text"">비에이치씨 본사가 쿠폰 차액 중 일부를 부담하기로 했지만, 문제가 완전히 해결된 것은 아니다. 점주들은 본사가 쿠폰 차액 전액이 아닌 39% 남짓만 부담하는 것에 대해 이해할 수 없다는 반응이다. 또다른 점주는 “이-쿠폰은 본사 차원의 마케팅 전략인데, 60% 이상을 점주가 손해 봐야 한다는 것은 말이 안 된다”며 “치킨을 주문하면 (고객에게) 서비스로 주는 콜라 가격도 300원이나 오른 데다 ‘두 마리 쿠폰’의 경우, 한꺼번에 6천원을 손해 보는데 쿠폰 한장 당 1180원만 정산해준다는 건 어느 나라 계산법인지 모르겠다”고 말했다.</p><p class=""text"">이에 대해 비에이치씨 본사 관계자는 “쿠폰 차액 중 본사가 이번에 인상 공급하는 원부자재(물대) 가격은 본사가 부담한다는 차원에서 쿠폰 1장당 1180원을 정산해주기로 한 것”이라며 “점주들이 손해를 보지 않도록 최선의 노력을 다 하고 있다”고 해명했다.</p><p class=""text"">유선희 기자 <a href=""mailto:duck@hani.co.kr"">duck@hani.co.kr</a></p></p>",https://www.hani.co.kr/arti/economy/economy_general/1123268.html,[단독] 치킨값 3천원 올린 bhc…‘인상 전 쿠폰’ 손해는 점주가,https://www.hani.co.kr/arti/economy/consumer/1122470.html,https://flexible.img.hani.co.kr/flexible/normal/212/127/imgdb/child/2024/0101/53_17040712706126_20231231501629.jpg,소비자단체 “bhc 가격 인상…본사 이익만 챙기는 결정”,https://www.hani.co.kr/arti/economy/consumer/1122877.html,https://flexible.img.hani.co.kr/flexible/normal/212/127/imgdb/child/2024/0103/53_17042769695538_20240103503256.jpg,,,,,,,,,
경제,산업·재계,"모터쇼 안 간 현대차, CES에 축구장 크기 부스",2024-01-07 09:51,https://flexible.img.hani.co.kr/flexible/normal/640/265/imgdb/original/2024/0107/20240107500481.jpg,현대차그룹의 CES2024 참가 티저 이미지. 현대차 제공,"[%%IMAGE1%%]<p><p class=""text"">현대자동차그룹이 미국에서 열리는 소비자가전전시회(이하 시이에스·CES) 2024에 임직원 1000여명을 참관단으로 파견한다. 전시장도 축구장 크기만 한 규모로 열어, 소프트웨어 기반의 전동화 차량뿐 아니라 도심교통항공(UAM)과 로봇, 인공지능 기술 등을 선보인다. 제네바·파리·뮌헨·도쿄 등 전통의 모터쇼에 모두 참여하지 않으며 이번 시이에스를 준비해온 이유로는 단순 이동수단으로서의 자동차만이 아닌 미래 모빌리티 기업으로서의 정체성을 확실히 다진다는 의도도 숨어있다.</p><p class=""text"">현대차그룹에서 9~12일(현지시각) 미국 라스베이거스 일대에서 개최되는 시이에스 2024에 참여하는 기업은 현대차·기아·현대모비스·슈퍼널·제로원 등 5곳이다. 2019년 이후 현대차와 기아가 5년 만에 다시 참가할 정도로 힘을 줬다. 전시면적 6437㎡ 규모로 국제 경기 규격 축구장(최소 6400㎡)과 유사하다. 현대차와 도심교통항공 기체를 전시할 슈퍼널의 부스가 가장 넓다. 임직원만 1000여명이 참여한다.</p><p class=""text"">현대차그룹에선 지난해 부터 모터쇼보다 시이에스를 준비한다는 말이 계속 흘러나왔다. 기계공업의 꽃인 자동차 산업이 이제는 전자·정보통신(IT) 기술과 경쟁하며 이동수단을 넘어 다양한 경험을 제공하는 미래형 모빌리티 기술을 확보해야 하므로 모터쇼에 갇힐 필요가 없다는 의미였다.</p><p class=""text"">현대차그룹은 지난해 세계 4대 모터쇼로 꼽히는 제네바·뮌헨·도쿄·디트로이트 모터쇼에 모두 불참하고 중국 상하이, 타이 방콕 등 신흥 시장에서 열리는 모터쇼에 자동차를 출품하며 변화를 보였다. 그런 점에서 현대차그룹의 이번 시이에스 참여 목적은 수소·소프트웨어·목적 기반 모빌리티(PBV)과 모빌리티항공와 같은 미래 사업을 이끌어갈 신기술과 전략을 공개하고 홍보하기 위해서다. 미국 자동차 전문지 오토모티브뉴스는 7일 “300여개 모빌리티 기업이 나설 이번 시이에스에서 가장 주목받는 위치에 있다”고 평가했다.</p><p class=""text"">이번 시이에스에선 일본 혼다는 전기차 시리즈를 공개하고, 소니와 합작해 브랜드 아펠라도 최신 차량 시제품을 전시한다. 벤츠는 전기 콘셉트 모델 씨엘에이(CLA)클래스를 전시하고 소형·중형 전기차를 위한 새로운 플랫폼과 인포테인먼트 등 신규 소프트웨어에 기반을 둔 운영체계를 공개한다. 그러나 전동화 과정이 매끄럽지 못하거나 속도가 늦은 기업들은 참여하지 않는 모습이다. 포드, 제너럴모터스(GM), 스텔란티스는 지난해 미국에서 있었던 파업을 이유로 불참하고, 수년째 세계 1위 자동차 판매 기업인 도요타도 불참하며 모빌리티 참가 규모는 줄었다.</p><p class=""text"">현대차그룹은 수소의 생산·운송·저장·활용 모든 과정을 마련하고 있는 현대건설, 현대엔지니어링, 현대로템, 현대글로비스, 현대제철 등 주요 그룹사가 현대차와 함께 나선다. 현대차그룹 내 소프트웨어센터인 포티투닷은 자체개발 중인 차량의 방향성과 실증 소프트웨어와 인공지능 기술을 선보인다. 또 2021년 인수한 보스턴다이내믹스의 물류 상하차 로봇 ‘스트레치’가 바닥에 놓인 상자를 운반하는 등의 자율주행 로봇의 기술력을 확인할 수 있다.</p><p class=""text"">기아는 중형 목적기반차량(PBV) 콘셉트 3대와 대형 목적기반차량 콘셉트 1대, 소형 목적기반차량 콘셉트 1대 등 총 3종의 목적기반차량 라인업을 최초로 선보인다. 별도 야외전시 부스에서 이브이(EV)3, 이브이4 콘셉트 차량 등 기아의 라인업을 전시한다. 현대모비스는 양산이 가능한 20종의 모빌리티 신기술을 선보인다. 고객사 전용 공간을 두고 세계 바이어들에게만 기술을 공개한다. 슈퍼널은 2028년 상용화를 목표로 개발 중인 도심교통항공 기체를 전시한다. 행사장 외부에는 도심교통항공 정거장을 연상시키는 별도의 전시장을 마련해 관람객들에게 실제 이용하는 듯한 경험을 제공한다.</p><p class=""text"">라스베이거스/최우리 기자 <a href=""mailto:ecowoori@hani.co.kr"">ecowoori@hani.co.kr</a></p></p>",https://www.hani.co.kr/arti/economy/marketing/1123265.html,"CES 첫 기조연설 나서는 정기선 HD현대 부회장, 미래 비전은?",https://www.hani.co.kr/arti/economy/marketing/1123000.html,https://flexible.img.hani.co.kr/flexible/normal/212/127/imgdb/child/2024/0104/53_17043526858025_20240104502882.jpg,미·중·한 참가기업만 3천여곳… AI 삼국지 될 CES2024,https://www.hani.co.kr/arti/economy/marketing/1122569.html,https://flexible.img.hani.co.kr/flexible/normal/212/127/imgdb/child/2024/0102/53_17041513960971_20240101502235.jpg,,,,,,,,,
경제,경제일반,우리가 몰랐던 타이…관광 넘어 문화·산업 전초기지로,2024-01-07 09:00,https://flexible.img.hani.co.kr/flexible/normal/970/647/imgdb/original/2023/1219/20231219503491.jpg,타이 정부가 전기자동차 집중 육성책을 실시하면서 중국의 전기차 제조사들이 발 빠르게 타이 시장에 진출하고 있다. 2022년 11월 방콕에서 열린 ‘제39회 타이 국제 자동차 엑스포’에 중국 비야디(BYD)의 ‘아토3’ 전기차가 전시돼 있다. REUTERS,"[%%IMAGE1%%]<br><p class=""text""><span style=""color: #278f8e;""><strong>▶이코노미 인사이트 구독하기</strong></span> <strong><a class=""linkstyle-u"" href=""http://www.economyinsight.co.kr/com/com-spk4.html"" target=""_blank"" rel=""noopener"">http://www.economyinsight.co.kr/com/com-spk4.html</a></strong></p><p class=""text"">네이버에 ‘타이’를 검색하면 뜨는 연관검색어는 환율, 날씨, 항공권 등이다. 모두 ‘여행’과 관련한 키워드로, 우리에게 타이는 ‘관광대국’으로 잘 알려졌다. 온라인 호텔 예약 사이트 ‘아고다’가 2023년 1~5월 조사한 결과, 전세계에서 가장 인기 있는 여행 국가로 타이, 가장 인기 있는 도시로 타이 수도인 방콕이 꼽혔다. 아고다에서 검색되는 방콕 시내 5성급 호텔만 700개가 넘는다. 타이 관광청은 2023년 타이를 방문한 관광객이 2500만 명을 돌파할 것으로 전망했다. 코로나19 대유행 이전인 2019년 타이를 방문한 관광객은 연간 4천만 명으로, 한 해 관광객 수만 해도 대한민국 인구의 78% 규모다. 타이에서 관광산업은 국내총생산(GDP)의 20%를 차지해 국가경제를 이끄는 큰 축이다.</p><p class=""text"">타이의 경제성장률은 지난 10년간 몇 번의 침체를 겪었다. 2011년 대홍수(0.8%), 2014년 쿠데타(1.0%), 2020년 코로나19(-6.2%) 시기가 그렇다. 2011년 대홍수는 타이 역사상 큰 재해 중 하나로 기억되는데, 메콩강 유역 강들이 일제히 범람하면서 피해가 극심했다. 타이 전역이 침수 피해를 입었고, 정부는 국가비상사태를 선포했다. 특히 방콕은 지대 높이가 2m로(서울은 평균 지대 86m) 낮아 홍수가 발생하면 물이 시내로 흘러와 고인다. 당시 6개월 동안 시내에서 배를 타고 이동했다.</p><p class=""text"">2014년 5월에는 탁신 친나왓의 막내 여동생으로 타이 최초의 여성 총리였던 잉락 친나왓이 국가안보위원장 해임 관련 권력남용으로 총리직을 박탈당했다. 반정부 시위는 확대됐고, 군부 쿠데타가 발생했다. 2013년 중반부터 둔화하던 경제성장률은 2014년 1.0%까지 하락했고, 정정 불안은 소비·투자 부진을 더욱 부추겼다. 팬데믹(감염병 대유행) 시기에 관광산업이 큰 타격을 입었는데, 어느 때보다 낮은 –6.7% 경제성장률을 보였다. 이에 따라 엔데믹(일상적 감염병 유행) 이후 타이는 전세계 어느 곳보다 빠르게 관광산업을 재개했다. 2022년 12월13일, 우리나라는 동남아시아 국가와는 최초로 2023·2024년을 ‘한-타이 상호 방문의 해’로 지정했다.</p><div class=""cont-midtitle type2""><p class=""text"">아세안의 제조 허브</p></div><p class=""text"">타이는 우리에게 관광대국으로 알려졌지만, 사실 제조업 강국이기도 하다. ‘우리가 잘 몰랐던’ 타이의 첫 번째 면모다. 타이 GDP의 가장 많은 비율을 차지하는 것은 제조업(25%)이고 그다음이 관광산업(20%), 농업(9%) 순이다. 특히 자동차 제조 분야에서 ‘아세안의 디트로이트’라고 불리며 아세안 최대 자동차 생산국이다. 타이는 2022년 기준 전세계 자동차 생산 10위(188만 대, 타이산업연맹), 상용차 생산 4위 국가로, 자동차 및 자동차부품 산업은 타이 GDP의 약 12.3%를 차지한다.</p><p class=""text"">제조업 기반이 마련되는 데는 1960년대부터 이어진 일본 투자가 한몫했다. 도요타(1962년), 혼다(1964년), 마쓰다(1974년) 등 주요 일본 자동차 제조사들이 타이에 진출했다. 1977년 타이가 ‘외국인투자촉진법’을 제정하면서 본격적으로 일본 등 외국 기업들의 투자, 특히 제조업 투자가 확대됐다. 타이는 이를 바탕으로 현재 생산·가공무역의 아세안 허브로 폭넓고 깊은 제조업의 글로벌밸류체인(GCV)을 구축하고 있다.</p><p class=""text"">‘우리가 잘 몰랐던’ 타이의 두 번째 면모는 태권도 강국이다. 타이의 태권도 국가대표 파니파크 옹파타나키트가 2021년 ‘2020 도쿄올림픽’ 태권도 여자 49㎏급 경기에서 금메달을 획득했다. 타이 태권도 역사상 최초의 올림픽 금메달이자, 타이 올림픽 역사상 아홉 번째 금메달이다. 최영석 감독은 2002년부터 20여 년간 타이 국가대표팀을 이끌면서 태권도의 위상을 드높였다. 최 감독은 공로를 인정받아 쁘라윳 짠오차 총리로부터 타이 스포츠 대상 최고지도자상을 받았다.</p><p class=""text"">타이 스포츠 중에는 무에타이가 가장 인기 있으나, 정작 유아스포츠로 가장 인기 있는 것은 태권도다. 무에타이가 ‘격투’에 초점이 맞춰졌다면, 태권도는 대련이나 기술보다 예의를 갖추고 인내하고 불굴의 의지로 도전하는, 인성이 접목된 스포츠라는 인식 때문이다. 이질적 문화가 수용되려면 일시적인 것이 아니라 자발적으로 현지화가 돼야 하는데, 지금 자라나는 타이 세대가 무에타이가 아닌 태권도 정신과 자세에 관심을 가지는 것은 고무적이다.</p><div class=""cont-midtitle type2""><p class=""text"">태권도·한국어 열풍</p></div><p class=""text"">‘우리가 잘 몰랐던’ 타이의 세 번째 면모는, 세계에서 한국어를 가장 많이 배우는 나라가 타이라는 것이다. 타이에서 한국어를 정규과목으로 채택한 학교는 2010년 11개 학교에 불과했다. 하지만 2023년에는 200개로 급증했다. 2017년부터 동남아 최초로 타이 대입에 한국어가 제2외국어로 채택됐고, 2022년부터는 일본어 응시생을 앞질러 중국(39%)에 이어 20%의 학생이 한국어를 선택했다.</p>[%%IMAGE2%%]<br><p class=""text"">한류는 태권도와 한국어를 배우는 문화현상에 머무르지 않고 타이 사람들의 소비 욕구를 자극하는 ‘경제 한류’로 확산되고 있다. 타이 상무부(MOC)에 따르면 한국은 타이의 수입라면 시장에서 80% 점유율을 차지한다. 마켓 곳곳에 매대 전면을 한국 라면으로 진열한 모습을 흔히 볼 수 있다. 대체 불가한 한국의 맛, 한국의 ‘오리지널리티’(독창성)가 대중화한 대표 사례다.</p><p class=""text"">‘라인’(LINE)은 타이의 국민 메신저다. 인구 중 유아기, 스마트폰 비사용자 등을 제외하면 시장점유율은 90% 정도로 추산된다. 처음 만나는 사이에 전화번호 대신 ‘라인(아이디) 뭐예요?’라고 물어보는 것이 일반적이다. 드라마도 케이(K)-콘텐츠 열풍이다. 타이 넷플릭스 시청률 1~10위를 한국 콘텐츠가 휩쓰는 일이 자주 있고 최근엔 &lt;킹더랜드&gt; &lt;셀러브리티&gt; 등이 인기 드라마였다. 타이 드라마의 경우 인기 순위 톱5는 ‘BL’(Boys Love의 약어로 동성, 주로 남성 간 사랑 이야기)이 대세인데, 인기 있는 주인공 몇 사람이 정해졌고 스토리도 비슷하다. 반면 한국 드라마는 주인공과 소재의 다양성, 탄탄한 스토리 등으로 타이 시청자를 사로잡고 있다.</p><p class=""text"">이런 경제한류는 비단 타이에서 그치지 않는다. 타이는 동남아 시장에서 한류의 문화·경제적 파급 효과가 가장 큰 트리거(방아쇠) 국가로, 인도차이나반도의 주변국(라오스·미얀마·캄보디아)으로 유행이 빠르게 퍼진다. 따라서 한류 활용 사업을 타이에서 전개한다면 타이뿐 아니라 아세안 주변국으로의 수출 파급 효과도 기대할 수 있다.</p><p class=""text"">타이 정부는 ‘중진국 함정’(개발도상국이 경제발전 초기에는 순조롭게 성장하다 중진국 수준에 도달한 뒤 장기간 성장이 정체되는 현상)에서 탈출하기 위해 2016년 ‘타이 4.0 정책’을 공표하고, 고부가가치산업으로 산업구조 재편을 도모하고 있다. 차세대 자동차, 스마트 전자, 의료·웰빙 관광, 디지털, 로봇 등 12개 미래산업을 중점 육성하겠다는 것이다.</p><p class=""text"">무엇보다 이 정책의 핵심은, 타이 정부가 강점을 지녔거나 향후 발전시킬 산업에 ‘디지털’을 접목한다는 것이다. 한국은 전세계가 인정하는 정보통신기술(ICT) 강국이다. 우리나라는 그동안 베트남을 동남아 진출 거점으로 삼았고, 일본은 타이를 제조 거점으로 삼았다. 하지만 앞으로 타이 정부의 정책 수요는 전 산업 분야의 디지털화로, 우리가 가장 잘할 수 있는 분야다.</p><div class=""cont-midtitle type2""><p class=""text"">전기차 산업 진출 고려할 만</p></div><p class=""text"">예를 들어 타이 정부는 타이를 ‘아세안 전기자동차 생산 허브’로 발전시키려 전기차 집중 육성책을 실시하고 있다. 타이 에너지부 산하 국가전기차정책위원회(NEVPC)는 2030년까지 전기차 생산 비중을 30%까지 확대하는 것을 목표로 한다. 비야디(BYD) 등 중국의 전기차 제조사들이 발 빠르게 타이 시장에 진출하고 있으나, 전기차는 이제 초기 단계로 우리 기업들이 진출을 진지하게 고려할 만하다.</p><p class=""text"">또한 타이는 주변국부터 인도와 중동까지 의료관광을 오는 동남아 의료 선진국이지만 아직 디지털헬스케어 분야는 초기 단계다. 2022년 3월 네이버클라우드는 코트라(KOTRA)와 ICT 기업의 국외 진출을 지원하기 위한 업무협약(MOU)을 체결했다. 이후 국내 디지털헬스케어 관련 국내기업-현지병원 매칭 지원 사업을 통해, 방콕 시내에 있는 라마9종합병원과 PoC(Proof of Concept·실증) 지원사업을 하며 우리 디지털헬스케어 관련 시스템과 기술을 타이 병원에 접목하고 있다.</p><p class=""text"">타이 외교부에서 2023년 9월 코트라 방콕무역관을 방문했을 때 “한국은 뛰어난 기술력의 국가, 문화강대국으로 타이의 미래 파트너로서 최적의 국가”라고 평했다. 지금 타이 정부가 대한민국을 바라보는 시각이다. 타이 정부와 기업의 수요를 면밀히 파악하고, 한국 기업이 가진 특유의 창의성과 기술력으로 어필한다면 분명히 타이에서 우리 기업들의 사업 기회는 열릴 것이다.</p><p class=""text"">강세나 KOTRA 방콕무역관 차장 sena@kotra.or.kr</p>",https://www.hani.co.kr/arti/economy/economy_general/1123263.html,,,,,,,,,,,,,,,
경제,경제일반,케이티·포스코에 빨대 꽂는 권력…코리아 디스카운트,2024-01-07 09:00,https://flexible.img.hani.co.kr/flexible/normal/970/646/imgdb/original/2024/0105/20240105502473.jpg,지난해 7월 경북 포항시 남구 포스코 본사에서 포항제철소 1기 설비 종합준공 50주년 기념행사장으로 이동하고 있는 최정우 포스코홀딩스 회장. 연합뉴스,"[%%IMAGE1%%]<br><p class=""text"">지난 3일 포스코홀딩스 시이오(CEO) 후보추천위원회(후추위)가 이날 연 4차 회의 결과를 담은 보도자료를 냈다. “그간 지원서를 제출한 내부 후보에 대한 1차 심사를 통해 다음 단계인 ‘평판조회 대상자’로 8명을 선정했다”는 내용이었다. 그런데 8명이 누구인지는 밝히지 않았다. 보도자료의 핵심은 ‘참고’하라며 알린 짧은 내용에 담겨 있었다. “앞으로 심사할 내부 후보 대상자 리스트에 최정우 현 회장은 없다.” 보도자료는 최 회장이 3월22일 열리는 주주총회에서 물러날 것임을 알리는 것이었다.</p><div class=""cont-midtitle type2""><p class=""text"">&nbsp;국민연금의 정치 행위</p></div><p class=""text"">최 회장은 2018년 7월 포스코 회장에 올라, 2021년 3월 주주총회에서 연임에 성공했다. 재임 기간 2차전지 소재 분야에 과감히 투자해 ‘성장의 정점을 지난 철강회사’로 평가받던 포스코를 미래 소재 기업으로 탈바꿈시켰다는 평가를 받는다. 포스코홀딩스, 포스코인터내셔널, 포스코퓨처엠 등 3개 주요 상장사 시가총액이 취임 때 35조원에서 지난해 말 80조원으로 불어났다. 이런 실적은 포스코가 민간기업이 된 뒤 처음으로 ‘정권 교체 뒤에도 회장이 남은 임기를 채우는’ 사례를 만들었다.</p><p class=""text"">포스코홀딩스 후추위는 지난달 21일 첫 회의를 열어 3월 주주총회에 추천할 차기 회장 후보 1명의 선출 절차를 시작했다. 최 회장도 후추위에 지원서를 냈을까? 후추위가 그의 이름을 심사 대상자 리스트에서 갑작스레 뺀 이유는 무엇인가? 후추위는 아무것도 밝히지 않았다. 포스코홀딩스 홍보실은 “후추위에서 확인해주지 않아 우리도 모른다”고 했다. 차기 회장 선출과 관련해 포스코그룹엔 지금 ‘말할 수 없는 비밀’이 아주 많다.</p><p class=""text"">최 회장은 은연중에 말과 행동으로 3연임에 도전할 것임을 내비친 바 있다. 그는 지난달 11일 포스코홀딩스 주식 700주를 장내에서 매수했다. 세간의 관심이 집중돼 있는데도 물러난다는 뜻을 밝히지 않는 것만으로 연임 의지를 보인 것이란 평가가 많다. 지난 2일 새해 시무식이 끝난 뒤 한 기자가 ‘연임 의사가 없다고 발언한 것이 맞느냐’고 질문하자, 그는 “‘아니요’라고 답한 적이 없다”고 부인하기도 했다.</p><p class=""text"">그런 그가 하루 만에 후보에서 빠진 것을 두고 재계에선 ‘정부의 압력에 굴복했다’고 본다. 차기 회장 후보 추천이 시작된 뒤인 지난달 28일 김태현 국민연금관리공단 이사장은 여러 언론과 인터뷰를 하며 ‘포스코홀딩스의 회장 선임 절차가 공정하고 투명하게 진행되고 있는지 의문’이라고 비판했다. 포스코홀딩스는 지난달 19일 이사회에서 ‘현직 회장이 연임 의사를 밝히면 경쟁자 없이 단독으로 자격 심사를 받게’ 한 규정을 고쳐, 퇴임이나 연임 의사 표시 없이 다른 후보들과 함께 심사를 받을 수 있게 했다. 이에 대해 국민연금은 ‘후추위를 구성하는 사외이사 7명 전원은 최 회장 재임 시절 선임됐거나 연임된 인사’임을 거론하며 문제 삼았다. 문재인 정부 시절 회장직에 오른 그를 윤석열 정부가 싫어한다는 신호는 진작부터 노골적이었다. 그는 대통령이 참석하는 재계 신년인사회에 초대받지 못했고, 대통령의 국외 순방 경제사절단에 한번도 합류하지 못했다.</p><p class=""text"">국민연금은 포스코홀딩스 지분 6.71%를 가진 대주주로서 회사의 의사결정에 의견을 제시할 권리가 있다. 그러나 주주제안권을 행사하는 것이 아니라 언론 인터뷰를 통해 그렇게 의견을 밝히는 것은 주주의 행동이라기보다는 정치 행위에 가깝다. 참여연대와 민주노총, 한국노총 등이 참여하고 있는 공적연금강화국민행동은 지난 2일 “국민연금의 수탁자 책임 활동이 공개서한 발송, 비공개·공개 중점관리기업 선정, 주주권 행사 등 공식적 방법이 아닌 국민연금공단 이사장의 발언으로 이루어지는 것은 적절하지 않다”며 “개별 기업의 의결권 행사에 직접적 영향을 주는 것은 매우 위법적 행위”라고 논평했다.</p><p class=""text""><a class=""linkstyle-u"" href=""https://bit.ly/319DiiE"" target=""_blank"" rel=""noopener"">☞한겨레S 뉴스레터 구독하기. 검색창에 ‘한겨레 뉴스레터’를 쳐보세요. </a></p><p class=""text""><a class=""linkstyle-u"" href=""https://subs.hani.co.kr/main.do;jsessionid=D7E124923D2AE023F9D8F588BCF3763D"" target=""_blank"" rel=""noopener"">☞한겨레신문 정기구독. 검색창에 ‘한겨레 하니누리’를 쳐보세요. </a></p><p class=""text""><strong>&nbsp;바람 앞 옛 공기업, 기업가치 ‘흔들’</strong></p><p class=""text"">국민연금은 앞서 2022년 12월 케이티(KT) 차기 회장 선임 절차가 진행될 때도 개입해 판을 완전히 뒤집은 바 있다. 구현모 당시 사장은 연임 의사를 표명하고, 케이티 이사회는 복수 후보 심사까지 거쳐 2022년 12월28일 그를 차기 대표이사 최종 후보자로 확정했다. 그러자 3시간 만에 서원주 국민연금 기금운용본부장이 “후보 결정이 투명하고 공정한 절차에 따라 이뤄져야 한다는 경선의 기본 원칙에 부합하지 못한다”고 반대하는 입장문을 냈다.</p><p class=""text"">케이티 이사회는 2023년 2월 공개경쟁 방식으로 차기 대표이사 선임 절차를 재추진하기로 하고, 3월에 윤경림 전 케이티 그룹트랜스포메이션부문장(사장)을 단수 후보로 확정했지만, 그도 20일 만에 사퇴했다. 이사들이 줄줄이 사퇴해 이사진이 초토화되고, 남은 일부 사외이사를 중심으로 발족한 ‘뉴 거버넌스 구축 태스크포스(TF)’가 대표이사 선임 규정을 고친 뒤, 7월에 공개모집을 거쳐 김영섭 전 엘지시엔에스(LG CNS) 사장을 최종 후보로 확정했다. 이어 8월 임시 주주총회에서 대표이사로 선임했다.</p><p class=""text"">국민연금은 ‘소유분산 기업의 지배구조’를 문제 삼았다. 공기업에서 민영화한 기업 가운데는 케이티나 포스코, 은행들처럼 지배주주가 없는 곳이 있다. 그런 기업에서 한번 선임된 대표이사가 차기 대표이사 선출에 영향을 끼침으로써, 주주보다 자기 잇속을 더 챙기는 문제가 발생할 수 있다. 그런데 이런 문제의 해결을 주주들에게 맡기지 않고 정부가 경영진 선임에 개입하는 것은 더 큰 문제를 낳는다. 정권이 경영진 자리를 전리품으로 챙기고, 기업 가치만 크게 훼손할 수도 있기 때문이다.</p><p class=""text"">김영섭 케이티 대표이사는 지난해 11월30일 첫 임원 인사를 단행했다. 케이티는 “상무보 이상 임원을 20% 줄이고 외부 인재 영입을 늘렸다”고 밝혔다. 외부 영입 인사로 이명박 전 대통령의 대선 후보 시절 정책특보(홍보단장)를 지낸 임현규 경영지원부문장(부사장), 특수부 검사 출신인 이용복 법무실장(부사장)을 기용했다. ‘첫 인사부터 낙하산’이란 비판이 나왔다. 지난 3일 영입을 발표한 추의정 감사실장(전무)과 허태원 컴플라이언스추진실장(상무)도 모두 검사 출신이다.</p><p class=""text"">윤석열 대통령은 지난 2일 한국거래소 증권시장 개장식에 참석해 ‘내년 도입 예정인 금융투자소득세 폐지를 추진하겠다’며 ‘코리아 디스카운트를 해소하겠다’고 말했다. 그러나 금투세는 오히려 ‘글로벌 스탠더드’이고, 소유분산 기업에 대한 윤석열 정부의 무리한 개입이야말로 코리아 디스카운트의 원인임은 전혀 이해하지 못하는 것 같다. 2022년 12월 중순 3만7천원대이던 케이티 주가는 정부의 개입이 노골화되자 폭락하기 시작해 지난해 3월31일 2만8850원까지 추락했다. 그 뒤 꽤 회복했지만 아직 3만3천원대에 머물고 있다.</p><p class=""text"">최정우 회장이 후보 리스트에서 빠지면서, 포스코 차기 회장 후보 선출 과정은 장기 파행을 한 케이티와는 경로가 달라졌다. 세간의 관심은 후추위가 독립적으로 차기 회장 후보를 결정할 수 있을지, 정부가 어떤 추가 개입을 할지에 쏠려 있다.</p><p class=""text""><strong>정남구 논설위원 <a href=""mailto:jeje@hani.co.kr"">jeje@hani.co.kr</a></strong></p><div class=""cont-box type2""><p class=""text"">한겨레 논설위원. 경제부장, 도쿄특파원을 역임했다. &lt;통계가 전하는 거짓말&gt; 등의 책을 썼다. 라디오와 티브이에서 오래 경제 해설을 해왔다.</p></div>",https://www.hani.co.kr/arti/economy/economy_general/1123262.html,윤 “금융투자소득세 폐지”…현직 대통령 첫 증시개장식 참석,https://www.hani.co.kr/arti/politics/bluehouse/1122638.html,https://flexible.img.hani.co.kr/flexible/normal/212/127/imgdb/child/2024/0102/53_17041735959157_20240102502051.jpg,금융투자소득세 폐지하면 세수 3년간 4조원 줄어든다,https://www.hani.co.kr/arti/economy/economy_general/1122830.html,https://flexible.img.hani.co.kr/flexible/normal/212/127/imgdb/child/2024/0103/53_17042685036223_20240102503216.jpg,KT 임원 ‘검찰 출신’ 줄줄이…새 노조 “낙하산 악몽 재현”,https://www.hani.co.kr/arti/economy/economy_general/1122862.html,https://flexible.img.hani.co.kr/flexible/normal/212/127/imgdb/child/2024/0103/53_17042739427592_20240103503126.jpg,국민연금 구두 개입에…최정우 포스코 회장 3연임 무산,https://www.hani.co.kr/arti/economy/marketing/1122832.html,https://flexible.img.hani.co.kr/flexible/normal/212/127/imgdb/child/2024/0103/53_17042689007892_20240103502746.jpg,정권교체마다 흔들린 포스코…흑역사 되풀이되나,https://www.hani.co.kr/arti/economy/economy_general/1122461.html,https://flexible.img.hani.co.kr/flexible/normal/212/127/imgdb/child/2024/0101/53_17040653136672_20231231501617.jpg
경제,경제일반,미래학의 이치와 원리로 세계경제를 꿰뚫다,2024-01-07 09:00,https://flexible.img.hani.co.kr/flexible/normal/300/421/imgdb/original/2023/1219/20231219503493.jpg,,"[%%IMAGE1%%]<br><p class=""text"">&nbsp;</p><p class=""text""><span style=""color: #278f8e;""><strong>▶이코노미 인사이트 구독하기</strong></span> <strong><a class=""linkstyle-u"" href=""http://www.economyinsight.co.kr/com/com-spk4.html"" target=""_blank"" rel=""noopener"">http://www.economyinsight.co.kr/com/com-spk4.html</a></strong></p><p class=""text"">&nbsp;</p><p class=""text"">변동성이 크고 불확실한 시대, 2024년 경제를 전망하기는 쉽지 않다. 그래서인지 2024년 경제 전망도 수시로 바뀐다. 이런 때일수록 단편적인 정보나 사건에 휘둘리지 않고 경제의 이치와 원칙을 근간으로 삼아야 한다. 필자가 중장기 경제 패턴 분석에 힘을 쏟는 이유다.</p><p class=""text"">&lt;미래학자의 세계경제 시나리오 2024&gt;에서는 미국 경제의 흐름을 중장기적 패턴으로 해석하고, 2024년을 결정짓는 핵심 신호와 보조 신호를 파헤치는 데 초점을 맞췄다. 주식과 채권 시장에서의 거시적 시나리오, 혼란스러운 투자 시장에서의 안정적인 방향을 제시했다. 마지막으로는 아시아 경제의 거대한 플레이어인 중국의 경제 상황을 꼼꼼히 분석하고, 한국 부동산 시장에 대한 예측도 담담하게 제시했다.</p><p class=""text""><strong>미국 경제 불황의 그림자</strong></p><p class=""text"">2024년 미국 경제의 중장기 패턴이 속삭이는 것은 경제적 폭풍의 전조, ‘경기침체’의 그림자다. 이는 단순히 미국 문제에 그치지 않고, 전세계 경제에 위기의 신호탄을 쏘아 올릴 전망이다. 미국에서 경기침체의 불길이 일어나면 그 여파는 급속도로 한국, 중국, 유럽을 비롯한 전세계로 번져나갈 것이다. 이는 소비 감소로 이어지고, 글로벌 원자재·농산물·소비재 가격의 급락을 불러오고, 기업의 매출·순이익·임금·생산량의 추락을 야기할 것이다. 이 과정에서 기업들의 파산과 실업률 증가는 불가피하고 미국 중소형 은행의 추가 파산까지 이어질 수 있다. 이는 대형 은행과 투자은행에도 엄청난 부담을 주고, 일부 국가에서는 금융공황이 발생할 수 있다.</p><p class=""text"">2024년 경제·금융·투자 시장에 대한 예측과 판단에서 현혹돼서는 안 될 정보의 소음이 넘쳐날 것이다. 가장 큰 소음은 고용·소비 지표다. 역사적으로 경제 중장기 패턴을 살펴보면 경기 침체나 불황 직전에 ‘완전고용’ 현상이 자주 나타났다. 속지 마라. 실업률은 경기침체에 진입한 뒤에야 상승한다. 또한 취업자 수는 인구 증가에 따라 지속적으로 늘어나는 경향이 있어 신뢰할 만한 신호로 활용하기 어렵다. 고용시장이 경기침체 직전까지 좋은 성과를 보이면 소비지표도 경기침체가 발생하기 전까지는 극적으로 악화하지 않는다.</p><p class=""text"">2024년은 미국 대통령선거의 해이기도 하다. 이는 경제에 많은 자금이 유입되는 현상을 가져옴에 따라 경기침체 없이 지속적인 성장을 예상하는 목소리가 강해질 수 있다. 이런 소리에도 현혹되지 마라. 중장기 패턴을 살펴보면 대선 이슈가 경기침체의 추세를 꺾지 못했다. 심지어 경기침체가 대선 전에 발생한다면 도널프 트럼프의 재선이라는 미래를 준비해야 할 수도 있다. 이처럼 2024년은 왜곡과 착시로 판단이 흐려질 가능성이 매우 높은 해다. 정보를 분석할 때는 이런 요소를 신중히 고려해야 한다.</p><p class=""text""><strong>한국 부동산시장의 전망은?</strong></p><p class=""text"">2024년 한국 부동산시장의 전망은 두 가지 극적인 시나리오로 나뉜다. 만약 경기 침체나 불황이 닥친다면 한국 부동산시장은 또다시 하락의 길을 걷게 될 것이다. 반면 2024년 미국 경제가 침체를 면한다면 한국 부동산시장은 약간의 반등을 보일 것으로 예상된다. 경기침체가 끝난 이후에는 어떻게 될까? 한국 부동산시장의 장기 패턴에 영향을 미치는 주요 요인으로는 글로벌 통화 정책 트렌드, 인구변화, 경제성장률을 들 수 있다.</p><p class=""text"">앞으로 한국 경제가 장기적인 저성장 국면에 빠지기 전까지는 부동산 총지수가 상승세를 이어갈 가능성이 크다. 심지어 ‘제4의 폭등기’도 도래할 수 있다. 그러나 인구변화와 점점 약해지는 경제성장률이라는 중대한 요인이 작용하면서, 제4차 폭등기의 수혜 지역은 제3차 폭등기 수혜 지역보다 훨씬 좁아질 것으로 보인다. 제3차 폭등기 동안 가격이 급등했던 지역 중 일부는 더 이상 가격 상승을 보이지 않거나, 물가상승률을 밑도는 수준의 상승에 그쳐 투자 매력을 잃을 가능성이 크다.</p><p class=""text"">2024년 경제 전쟁터에서 승리를 쟁취하기 위한 전략가들이여, 귀 기울여라! 기업 전략을 짜는 전략가부터 주식과 채권 시장에서 승리를 꿈꾸는 투자자, 부동산시장의 기회를 엿보는 사냥꾼에 이르기까지, 이 책은 당신의 필수 무기가 될 것이다. 패턴을 꿰뚫는 통찰력, 신호와 소음을 가려내는 지혜가 여러분을 승리로 이끌 것이다. 이 책은 불확실한 2024년의 경제 미로에서 당신을 안내하는 나침반, 승리의 조타수가 될 것이다.</p><p class=""text"">최윤식 아시아미래인재연구소장 cysinsight@gmail.com</p>",https://www.hani.co.kr/arti/economy/economy_general/1123260.html,,,,,,,,,,,,,,,
경제,경제일반,"몰래 보던 일본 애니, 어떻게 MZ세대 홀렸나",2024-01-06 09:00,https://flexible.img.hani.co.kr/flexible/normal/970/1464/imgdb/original/2023/1219/20231219503482.jpg,2023년 3월 개봉한 일본 애니메이션영화 &lt;스즈메의 문단속&gt;은 500만 관객을 돌파하며 한국에서 개봉한 일본 영화 중 최고 흥행작에 올랐다. 서울의 한 영화관에 걸린 &lt;스즈메의 문단속&gt; 포스터. 연합뉴스,"[%%IMAGE1%%]<br><p class=""text"">&nbsp;</p><p class=""text""><span style=""color: #278f8e;""><strong>▶이코노미 인사이트 구독하기</strong></span> <strong><a class=""linkstyle-u"" href=""http://www.economyinsight.co.kr/com/com-spk4.html"" target=""_blank"" rel=""noopener"">http://www.economyinsight.co.kr/com/com-spk4.html</a></strong></p><p class=""text"">&nbsp;</p><p class=""text"">2023년 한국 영화산업 위기론 속에 두드러진 현상은 일본 애니메이션의 강세였다. 좀처럼 회복되지 않는 영화관에 &lt;스즈메의 문단속&gt; &lt;더 퍼스트 슬램덩크&gt; &lt;그대들은 어떻게 살 것인가&gt;와 같은 일본 애니메이션이 각각 557만 명, 477만 명, 197만 명의 관객을 들이며 선전했다. 여러 원인이 진단됐지만, 젊은 관객이 세계 최고 수준의 일본 애니메이션에 기대와 신뢰를 가지고 있다는 점이 컸다.</p><p class=""text"">사실 40대 이상 한국인에게는 아직도 ‘일본’ 콘텐츠에 심리적 저항선이 있다. 일본 대중문화 개방 이전에 청소년기를 보내 어릴 때부터 친숙하게 즐긴 문화가 아니기 때문이다. 일본 대중문화 개방과 관련한 논란을 접하며 사고를 키워 일본 문화에 대한 시선이 여전히 편치 않기도 하다. 하지만 어릴 때부터 &lt;이웃집 토토로&gt;를 보며 자란 10~30대들은 그렇지 않다.</p><p class=""text"">이들에게 2000년 이전 한국에서는 공식적으로 일본 대중문화를 즐길 수 없었다는 이야기를 하면 고개를 갸웃거린다. 과거 한국 정부가 일본 대중문화를 규제할 때는 주로 세 가지 논리가 활용됐다. 첫째는 정치적 이유로, 일본 대중문화는 그 자체로 일본의 상징이므로 일본 식민지배를 경험했던 한국이 일본 대중문화를 공식적으로 받아들일 수 없다는 것이었다. 둘째는 문화적 이유로, 일본 대중문화는 변태적이고 외설적인 성향이 커서 청소년 등 국민에게 해로운 영향을 줄 수 있다는 것이었다. 마지막은 경제적 이유인데, 한국보다 많은 자본과 기술을 보유한 일본 대중문화를 개방할 경우 한국 문화산업은 궤멸할 수 있다는 불안과 우려 때문이었다.</p><div class=""cont-midtitle type2""><p class=""text"">사회적 담론에 따른 규제</p></div><p class=""text"">일본 대중문화 금지는 명문화한 ‘법’과 같은 제도적 장치가 아니라 ‘인습’에 가까운 규범에 따라 유지됐다. 일본 대중문화 금지의 정당성을 사회적으로는 공유했지만, ‘일본 대중문화금지법’ 같은 법령이 존재한 적은 없었기 때문이다. 대신 1961년 제정된 ‘공연법’ 제19조 2항 ‘외국 공연물의 공연 제한’에 “국민감정을 해할 우려가 있거나 공서양속에 위배되는 외국의 공연물을 공연할 수 없다”는 항목, 1973년 제정된 ‘외국 간행물 수입 배포에 관한 법률’ 제7조에 “공안 또는 풍속을 해할 우려가 있다고 인정되는 외국 간행물을 수입할 때에는 배포 또는 판매를 중지 또는 내용의 삭제를 명할 수 있다”는 항목 정도가 일본 대중문화 금지 근거로 활용되곤 했다.</p><p class=""text"">그래서 정부가 금지하는 일본 대중문화, 즉 ‘왜색’의 의미도 규제하는 대상도 시기마다 달랐다. 대표 사례가 가요 &lt;동백아가씨&gt; 방송 금지였다. 박정희 정권 때 가수 이미자가 발표한 &lt;동백아가씨&gt;는 일본 가요 엔카를 빼닮은 ‘왜색풍’이라는 이유로 1965년 방송이 금지되고, 1968년엔 음반 발매가 중단됐다. 과거 우리나라 트로트 가요 대부분이 엔카풍인 걸 고려하면 &lt;동백아가씨&gt; 금지는 조금 아이러니했다.</p><p class=""text"">이 조치는 원래 목적과 상관없는 정부의 필요 때문이었다. 당시는 국민의 반대를 무릅쓰고 한일기본조약이 체결되던 때였다. 친일 성격 논란이 있던 박정희 정권은 한일기본조약에 반대 여론이 높아지자 자신들이 ‘민족주의자’임을 과시하고 싶었다. 이를 위해 큰 인기를 누리던 대중가요를 ‘왜색’으로 금지함으로써 정권이 지닌 친일 이미지를 쇄신하려 했다.</p><p class=""text"">이처럼 일본 대중문화 금지는 초기엔 식민지 잔재를 청산한다는 의미가 있었지만, 시간이 흐를수록 의미가 변질됐다. 국민을 통제하거나 정권의 정치적 목적으로 유지되는 성격이 강했다. 국민의 감정도 복잡했다. 식민지 잔재 청산에는 공감했지만 동아시아에서 가장 수준 높은 일본 대중문화를 소비하고픈 욕구도 높았다. 하지만 정부는 이 틀을 깨기 어려웠다. 개방에 나서는 순간 드리워질 ‘친일’ 프레임 때문이었다. 결국 정부는 공식적으로는 일본 대중문화 유입을 금지하지만 뒷문은 살짝 열어놓는 기형적 형태를 취했다.</p><p class=""text"">이에 따라 일본 대중문화는 왜곡된 형태로 광범위하게 유포됐다. 1970년대 이후 &lt;우주소년 아톰&gt;이나 &lt;캔디 캔디&gt; &lt;마징가 Z&gt; 같은 일본 TV애니메이션들은 배경이나 주인공 이름을 바꿔 ‘왜색 제거’를 한 뒤 방영됐다. 일본 록그룹이나 J팝 음반들은 ‘어둠의 시장’에서 누구나 구할 수 있었다. 부산 등지에서는 위성TV 등을 통해 일본 방송 프로그램도 즐겼다. 일본 영화나 애니메이션은 ‘해적판’ 비디오테이프로 폭넓은 지지층을 유지했다.</p><div class=""cont-midtitle type2""><p class=""text"">‘친일 프레임’에서 자유로운 정부</p></div><p class=""text"">불완전한 체제는 한국이 국제 저작권 협약에 가입하지 않았기에 가능했다. 하지만 1980년대 미국 정부가 재정적자와 무역적자를 타개하기 위해 지식재산권 문제를 내걸면서 변화를 맞이했다. 1985년 미국은 한국의 저작권 침해에 ‘슈퍼 301조’를 발효하겠다고 발표했다. 이에 따라 한국 정부는 1986년 세계저작권협약(UCC) 가입, ‘저작권법 개정안’을 통해 저작권 보호 체제 속에 편입됐다.</p>[%%IMAGE2%%]<br><p class=""text"">미국과 교섭이 체결되자 일본도 가만있을 수 없었다. 이제까지 일본은 자국 문화상품이 한국에 유포되는 것을 인지했지만 굳이 시정하려 들지 않았다. 과거 식민지 국가들에서 일본 제국주의 문화의 부활이라는 견제를 받을 수 있어 대중문화를 적극적으로 수출하려는 의지가 약했기 때문이다. 하지만 세계저작권협약 테두리에 들어가면서 일본도 변할 수밖에 없었다. 일본은 한국 정부에 정식으로 대중문화를 수입하고 저작권을 내도록 요청했다. 결국 1989년 만화 등 출판계에서는 금지가 해제됐다.</p><p class=""text"">그럼에도 정부는 여전히 일본 대중문화 금지 체제를 유지했다. 검열 도구를 원했기 때문이다. 하지만 민주화의 진전으로 대중문화 정책에도 변화가 생겼다. 1988년 할리우드 영화 직접배급, 케이블 채널 개국 등을 통해 세계 대중문화가 밀려오자 외국 문화 개방은 중대 현안이 됐다. 소련과 중공 등 공산주의 문화까지 들어오는 마당에 일본 대중문화만 금지한다는 건 아이러니했다.</p><p class=""text"">그러면 누가 문의 빗장을 풀 수 있을까. 과거 정부들은 모두 한계가 있었다. 박정희 정부는 한-일 국교 정상화 체결 등의 문제로 민족주의자로서의 면모를 보이고 싶어 했다. 쿠데타로 정권을 획득한 전두환 정부는 국민을 통제하기 위해 ‘금지’ 수단을 유지하고 싶어 했다. 노태우 정부와 김영삼 정부에 이르러서야 ‘개방화’ ‘세계화’라는 담론이 퍼지기 시작했다. 결국 선거에 의한 정권교체를 최초로 이룬 김대중 정부에서 개방에 나설 수 있었다. 김대중 정부는 ‘친일’ 문제에서도 자유롭고 국민을 통제할 필요도 없었다.</p><p class=""text"">일본 대중문화가 개방될 무렵 김대중 대통령은 관련 부처에 “두려움 없이 임하라”는 지시를 내렸다. 지난 수십 년간 일본 문화에 관해 한국 사회를 지배했던 명령은 “두려워하라”였다. 일본 대중문화를 좋아한다고 밝히거나 개방을 주장하면 ‘친일파’로 몰려야 했다. 그런데 누구도 그에게 ‘친일파’라고 주장할 수 없는 김대중 대통령이 “두려워하지 말라”는 일성을 던짐으로써 개방의 흐름은 가속될 수 있었다.</p><div class=""cont-midtitle type2""><p class=""text"">개방의 마지막 산, 국내 산업 보호론&nbsp;</p></div><p class=""text"">마지막으로 발목을 잡은 것은 ‘국내 산업 보호론’이었다. 과거에는 정치사회적 이유가 강했지만, 1990년대에 이르자 우리 문화산업 기반이 흔들릴 수 있다는 경제적 반대론이 강하게 떠올랐다. 특히 1999년부터 ‘수입선다변화제도’가 폐지돼 수입이 금지되던 일본 자동차, 텔레비전, 휴대전화 등의 수입이 허용될 예정이라 더 그랬다. 이런 상황에서 일본 대중문화까지 들어오면 시장 잠식이 커진다는 우려가 많았다.</p><p class=""text"">마침내 1998년 10월부터 일본 대중문화가 개방됐다. 영화·비디오 산업과 출판산업부터 시작해, 2004년까지 분야별로 단계적 개방이 진행됐다. 그런데 4차에 걸친 일본 대중문화의 개방 결과, 우리 문화산업에 미치는 영향은 우려한 것보다 훨씬 작았다. 영화의 경우 1999년 2차 개방 이후 상영된 영화 &lt;러브레터&gt; &lt;철도원&gt; &lt;사무라이 픽션&gt; 등이 서울 관객을 10만 명 이상 동원하기도 했다. 하지만 3차 개방부터는 이 정도 흥행은 2000년 &lt;포켓몬스터&gt;, 2001년 &lt;이웃집 토토로&gt; 같은 애니메이션 정도에 불과했다. 음악도 오히려 우리나라 음반 수출액이 1999년 20억원에서 2000년 59억원으로 약 세 배 증가한 게 더 두드러졌다.</p><p class=""text"">이런 결과가 나온 이유는 2000년대 들어 우리나라 문화산업이 왕성하게 성장했기 때문이다. 국제통화기금(IMF) 외환위기 이후 정부는 문화산업을 차세대 성장동력으로 선포하며 각종 진흥계획을 발표했다. 벤처캐피털들이 영화 투자에 뛰어들면서 영화산업도 크게 성장했다. H.O.T. 등 아이돌 그룹들은 중국과 동남아시아에까지 진출하며 ‘한류’ 열풍이 일기 시작했다. 반면 당시 일본 대중문화는 쇠퇴기에 진입하고 있었다. 일본 대중문화는 1980년대 후반부터 1990년대 말까지 ‘대중문화 르네상스기’를 구가했다. 하지만 우리가 문을 열었을 때 일본 문화산업은 애니메이션 등 몇몇 분야를 빼고는 다소 침체에 빠지기 시작했다.</p><p class=""text"">복잡했던 ‘금지’와 ‘허용’이라는 논란에서 벗어난 지 20여 년이 흘렀다. 일본 대중문화는 그때나 지금이나 자신들이 잘하던 분야를 여전히 잘하고 있다. 부침을 거듭했던 것은 우리 영화들이었다. 젊은 대중은 선입견 없이 선택했다. 2023년 한국 시장에서 일본 애니메이션이 선방한 이유에는 한국의 부진 측면이 더 컸다는 이야기다. 자신이 잘하는 것을 계속 잘하는 것도 출중한 능력이다. 한국 영화산업이 이 현상에 대해 무언가 생각해야 한다면, 우리에게 이런 점이 확고히 있는지를 한번 살펴봐야 한다는 것이다.</p><p class=""text"">김윤지 한국수출입은행 해외경제연구소 수석연구원 <span style=""color: #000000;"">yzkim@koreaexim.go.kr</span></p>",https://www.hani.co.kr/arti/economy/economy_general/1123230.html,MZ 입소문 타고 극장가 접수한 J무비…“담담하면서 감성 공감 일으켜”,https://www.hani.co.kr/arti/culture/culture_general/1095472.html,https://flexible.img.hani.co.kr/flexible/normal/212/127/imgdb/child/2023/0612/53_16865252437509_20230611502058.jpg,"어, 이거 힙한데? 틱톡세대 홀린 J팝이 온다",https://www.hani.co.kr/arti/culture/culture_general/1095473.html,https://flexible.img.hani.co.kr/flexible/normal/212/127/imgdb/child/2023/0612/53_16865249894664_20230611502073.jpg,올해 258만명 일본 갔다…한국인이 방문객 30%,https://www.hani.co.kr/arti/international/japan/1097046.html,https://flexible.img.hani.co.kr/flexible/normal/212/127/imgdb/child/2023/0622/53_16874117858552_20230622502008.jpg,,,,,,
경제,경제일반,새해에는 ‘S&P 493’에도 볕 들까,2024-01-06 09:00,https://flexible.img.hani.co.kr/flexible/normal/970/647/imgdb/original/2023/1219/20231219503484.jpg,‘2023년 올해의 주식’이라 할 수 있는 엔비디아는 300% 넘는 상승을 보였다. 2024년 주식시장은 이런 특정주 집중 현상을 벗어날 수 있을지 관심이 모아진다. REUTERS,"[%%IMAGE1%%]<br><p class=""text"">&nbsp;</p><p class=""text""><span style=""color: #278f8e;""><strong>▶이코노미 인사이트 구독하기</strong></span> <strong><a class=""linkstyle-u"" href=""http://www.economyinsight.co.kr/com/com-spk4.html"" target=""_blank"" rel=""noopener"">http://www.economyinsight.co.kr/com/com-spk4.html</a></strong></p><p class=""text"">&nbsp;</p><p class=""text"">2023년 각국 주가지수가 꽤 올랐다. 미국 나스닥지수는 연초 대비 30% 이상 상승했다. 미국만큼은 못해도 우리 코스피지수와 코스닥지수도 꽤나 힘을 냈다. 연초에 투자했으면 은행 이자보다는 훨씬 짭짤한 수익을 냈을 것이다. 하지만 ‘나는 아닌데’라는 독자가 상당히 많을 것이다. 지수는 올랐어도 내 계좌는 제자리거나 오히려 손실을 기록한 독자도 있을 것이다. 2023년은 지수가 올랐어도 투자자에겐 너무나도 힘겨운 한 해였다. 특정 주식에만 집중된 수급이 문제였다. 코스피의 경우, 반도체와 2차전지 섹터를 제외한 대형주들은 그리 재미를 보지 못했다. 코스닥은 2차전지 판이었다. 에코프로비엠 등 2차전지 주식을 제외하면 실망스러운 결과를 보여줬다.</p><p class=""text"">미국도 마찬가지다. 애플, 마이크로소프트 등 이른바 ‘매그니피센트7’(M7·Magnificent Seven))이라는 7개 대형주를 빼면 지수상승률을 채 못 따라간 주식이 즐비했다. 최근 미국 경제지 &lt;포브스&gt;는 2023년 소외된 스탠더드앤푸어스(S&amp;P)의 대다수 주식을 언급하며 ‘미디오커(Mediocre)493’이라는 신조어를 기사에 담아냈다. ‘그다지 좋지 않은’이라는 뜻에 S&amp;P500 중 7개 대형주를 제외한 493개 주식을 합성한 용어다. 2024년 새해는 그리 수익률이 좋지 않았던 대부분의 주식이 빛을 발하는 해가 될까. 2023년 어려웠던 경제 상황 속에서 나타난 차별화된 주가의 이유와 2024년의 희망을 살펴보려 한다.</p><div class=""cont-midtitle type2""><p class=""text"">대세주의 이유 있는 상승</p></div><p class=""text"">2023년 주식시장을 한 단어로 설명하면 모두 ‘인플레이션’을 꼽을 것이다. 인플레이션은 코로나19 이후 급격하게 늘어난 유동성에 따른 부작용이었다. 인플레이션 상승은 이를 누르기 위한 금리상승으로 이어진다. 세상에서 가장 안전하다는 미국 국채 금리가 5%에 육박했다. 시중의 돈이 채권으로 향했다. 그러나 금리 공포 속에서도 M7이라는 초대형 주식은 폭발적인 상승을 기록했다. 대장주 애플과 마이크로소프트는 50%에 육박하는 상승을 보여줬다.</p><p class=""text"">감히 ‘2023년의 주식’이라 할 수 있는 엔비디아는 300% 넘는 상승을 보여줬다. 시장금리가 고공행진을 하는데도 어떻게 이런 엄청난 상승을 보여줬을까? 간단하다. 고금리에도 엔비디아가 벌어들이는 돈은 줄어들지 않았다. 엔비디아가 300% 상승했어도 애널리스트들이 과대평가라고 하지 않는 것은 그만큼 돈을 벌어들였기 때문이다. 엔비디아가 2022년 벌어들인 영업이익은 55억달러였다. 그런데 2023년 3분기까지 벌어들인 영업이익은 190억달러다. 주가 상승보다 영업이익의 상승폭이 더 컸다.</p><p class=""text"">코스닥의 에코프로도 마찬가지다. 현재의 주가는 과열됐을 수 있다. 그러나 에코프로의 영업이익 증가폭은 적지 않다. 2021년 860억원의 영업이익에서 2022년 6100억원으로 7배 이상 상승했다. 때마침 나타난 전기자동차 시대의 도래를 향한 기대는 주가 상승을 뒷받침해주는 또 다른 강력한 이유다.</p><p class=""text"">앞서 언급한 2023년의 대세 주식이 없는 투자자에게 한 해 농사는 그리 짭짤하지 않았다. 미국의 존슨앤드존슨, 홈디포, 월마트 같은 전통적 주식의 연간수익률은 제자리걸음이었다. 코로나19 때 돌풍을 일으켰던 네이버, 카카오, 수많은 바이오 주식도 마찬가지다. 물론 대세주는 지수 상승기에 항상 존재한다. 그러나 이번처럼 특정 종목에 집중된 상승은 쉽사리 보기 힘든 모습이다.</p><p class=""text"">이런 특징은 다양한 이유로 해석될 수 있지만 주요 원인 중 하나는 금리 공포에 따른 특정주 집중화라 할 수 있겠다. 시중금리가 오르면 투자자가 주식에 요구하는 수익률도 높아지기 마련이다. 채권에 투자해도 높은 금리에 따른 충분한 이자수익을 얻을 수 있기 때문이다. 또 금리상승은 레버리지(차입) 사용을 낮춘다. 이는 주식으로 유입되는 자금의 감소를 의미한다. 따라서 확실하게 돈을 잘 벌거나 장밋빛 미래를 꿈꿀 수 있는 주식에만 투자하기 마련이다. 미국의 M7과 한국의 에코프로가 그렇다. M7에 속한 주식은 분기마다 시장의 예상보다 좋은 성과를 보여줬고, 이른바 인공지능(AI) 테마라는 미래 청사진까지 보여줬다. 에코프로도 마찬가지다.</p><p class=""text"">2023년 눈길을 끌었던 ‘대마불사’의 또 다른 예가 있다. 2023년 3월, 미국의 지방은행 실리콘밸리은행이 파산했다. 이유는 급격한 금리상승에 따른 보유 채권의 손실이었다. 실리콘밸리은행 파산은 지방은행들에 위기를 불러일으켰다. 실리콘밸리은행과 비슷한 퍼스트리퍼블릭뱅크는 3월 한 달간 90% 이상 하락을 보였다. 미국의 초대형 은행 제이피모건의 주가는 어땠을까. 실리콘밸리은행 파산 초기에는 하락을 보였다. 그러나 이내 다시 상승했다. 금리가 인상돼도 ‘대마’는 죽지 않으리라는 투자자들의 기대가 반영됐다고 할 수 있겠다. 은행주에 투자한다면, 가장 큰 은행에 투자한다는 것이다.</p><div class=""cont-midtitle type2""><p class=""text"">러셀2000지수 반등의 의미</p></div><p class=""text"">2024년은 좀 나아질 수 있을까. 최근 골드만삭스가 펴낸 투자보고서는 2024년에는 경기침체 위협이 줄어 경기침체에 민감한 주식들이 반등할 것이라고 예상했다. 실제 시장도 최근 이와 비슷한 움직임을 보여준다. 미국에는 러셀2000지수가 있다. 2천 개의 중소형주가 편입된 지수다. 중소형주의 특성상 경기 민감 주식이 많고 금리인상에 불리한 경향이 높다. 러셀2000지수는 2023년 나스닥이 30% 상승할 때 제자리걸음을 했다. 그런데 11월 한 달간 러셀2000지수의 상승률은 나스닥지수의 상승률을 능가했다. 한국도 비슷한 경향을 보였다. 시장의 투자금을 모두 빨아들이던 에코프로를 비롯한 2차전지 주식들이 쉬어가는 타이밍을 보이자, 다른 주식들이 반등했다. 금리와 인플레이션을 비롯한 거시경제의 불안한 큰 파도가 잠재워질 수 있다면 2024년은 소외됐던 주식들이 보상받는 해가 될 수 있을 것이다.</p><p class=""text"">찬호 공인회계사 Sodohun@naver.com</p>",https://www.hani.co.kr/arti/economy/economy_general/1123228.html,미 연준이 날린 ‘비둘기’에…국내 금융시장도 활짝,https://www.hani.co.kr/arti/economy/finance/1120343.html,https://flexible.img.hani.co.kr/flexible/normal/212/127/imgdb/child/2023/1214/53_17025168853821_20231214501007.jpg,2차전지 타고 날았던 올해 증시…마지막 거래일도 상승,https://www.hani.co.kr/arti/economy/finance/1122185.html,https://flexible.img.hani.co.kr/flexible/normal/212/127/imgdb/child/2023/1228/17037541682531_20231228503185.jpg,새해 첫날 증시 상승 마감…‘8만전자’ 코앞,https://www.hani.co.kr/arti/economy/finance/1122673.html,https://flexible.img.hani.co.kr/flexible/normal/212/127/imgdb/child/2024/0102/53_17041805571165_20240102502861.jpg,,,,,,
경제,경제일반,태영 믿지 못 믿는 채권은행들 “경영권 유지에만 관심”…워크아웃 무산 경고,2024-01-05 18:06,https://flexible.img.hani.co.kr/flexible/normal/647/401/imgdb/original/2024/0105/20240105502140.jpg,태영건설 채권자들이 3일 오후 서울 여의도 산업은행에서 부동산 프로젝트파이낸싱(PF) 유동성 문제 등으로 워크아웃을 신청한 태영건설 채권자 설명회에 참석하고 있다. 강창광 선임기자 chang@hani.co.kr,"[%%IMAGE1%%]<br><p class=""text"">케이디비(KDB)산업은행 등 태영건설의 주요 채권단이 태영건설 계열주가 기존에 제시 자구안에 대해 확약하고 이사회에서 결의할 것을 촉구했다. 이 조건이 충족되지 않는다면 채권단 75%의 찬성을 확보하지 못해 워크아웃을 개시할 수 없을 것이라고 밝혔다.</p><p class=""text"">5일 태영건설의 주채권은행인 산은은 케이비(KB)국민은행·신한은행·하나은행·우리은행·엔에이치(NH)농협은행·기업은행 등 주요 채권단 담당 부행장들이 모여 태영건설 부실과 관련한 계열주 책임, 자구계획의 내용과 이행 상황 등에 대해 논의했다고 밝혔다. 이 은행들은 앞으로 태영건설에 신규자금 지원을 해야하는 자구계획의 직접적 당사자로, 이들의 의결권을 합치면 25%가 넘는다. 지난 3일 태영건설 채권단 관계자 600여명을 상대로 설명회를 진행한 이후 이틀 만에 주요 채권자들이 다시 모인 것이다. 그만큼 채권단에서는 태영건설이 워크아웃 신청 당시 제출한 자구안 이행 의지가 부족하다고 보고 있다.</p><p class=""text"">이들은 계열주와 태영그룹의 행보 때문에 워크아웃 개시에 대한 채권자의 동의를 구하기 어려운 상황에 직면했다고 우려를 나타냈다. 이들은 “태영그룹이 태영건설의 협력업체, 수분양자, 여타 채권자의 보호를 위해 최선을 다하겠다고 하지만 실제로는 계열주의 경영권 유지를 위하여 티와이홀딩스의 연대보증 채무 해소를 최우선시하고 있다”며 “기업구조조정 과정에서 확립된 원칙과 기준을 왜곡하는 행태를 보이고 있다”고 비판했다.</p><p class=""text"">이들은 태영그룹이 워크아웃 신청 시 확약한 태영인더스트리 매각대금 중 미이행분 890억원을 즉시 지원하고, 나머지 3가지 자구계획인 △에코비트 매각 및 매각대금 지원 △블루원 담보제공 및 매각 △평택싸이로(62.5%) 담보제공 등을 확약하고 이사회 결의를 통해 즉각 실행할 것을 재차 촉구했다.</p><p class=""text"">이들은 “계열주가 금융채권자를 포함하여 수많은 이해관계자의 신뢰를 회복하는 것이 태영건설은 물론 태영그룹이 정상화될 수 있는 첫 출발이라고 판단한다”며 “계열주는 태영건설 정상화를 위하여 계열주와 태영그룹이 할 수 있는 모든 가능한 방안을 진정성 있게 제시할 것을 다시 한번 강력하게 요구한다”고 밝혔다.</p><p class=""text"">금융당국도 태영건설 압박에 나섰다. 김주현 금융위원장은 이날 서민금융 관련 간담회에서 기자들과 만나 이번 사태에 대해 “(태영건설과 채권단 사이) 상호 신뢰가 아직은 형성이 안 된 것 같다”며 “합의를 빨리 이루는 게 좋다고 생각한다”고 밝혔다. 김 위원장은 “워크아웃의 속성상 서로 밀고 당기는 협상이 있을 수밖에 없다”면서도 “11일(제1차 협의회 결의일)까지 날짜가 그렇게 많지 않게 남았기 때문에 조금 더 양 당사자가 머리 맞대고 협의를 해줬으면 하는 바람을 갖고 있다”고 했다. 김 위원장은 “워크아웃으로 갈 거냐, 법정관리로 갈 거냐는 것은 정부가 어떻게 하라, 하지 말라 할 수는 없다”며 회생절차 가능성을 열어두기도 했다.</p><p class=""text"">한편 태영건설 관계자는 “주요 채권단을 직접 찾아 설득할 것”이라고 말했다. 채권단이 태영그룹의 정상화 의지를 의심하는 상황을 해소하겠다는 것이다.</p><p class=""text"">이주빈 기자 <a href=""mailto:yes@hani.co.kr"">yes@hani.co.kr</a>, 이재연 기자 <a href=""mailto:jay@hani.co.kr"">jay@hani.co.kr</a></p>",https://www.hani.co.kr/arti/economy/economy_general/1123201.html,"윤석민 태영 회장, 돌연 약속 파기…개인자금 416억 TY홀딩스로 돌려",https://www.hani.co.kr/arti/economy/economy_general/1123191.html,https://flexible.img.hani.co.kr/flexible/normal/212/127/imgdb/child/2024/0105/53_17044418410384_20240105502009.jpg,이복현 “남의 뼈 깎는 태영 자구안…홀딩스 내놔라” 최후통첩,https://www.hani.co.kr/arti/economy/finance/1123041.html,https://flexible.img.hani.co.kr/flexible/normal/212/127/imgdb/child/2024/0104/53_17043622213063_20240104503475.jpg,[단독] “태영 막내딸 챙긴 계열사 매각대금 500억 내놔야”…채권단 압박,https://www.hani.co.kr/arti/economy/finance/1122978.html,https://flexible.img.hani.co.kr/flexible/normal/212/127/imgdb/child/2024/0104/53_17043493230006_20240104502425.jpg,"태영, 총수 사재출연 없는 ‘맹탕 자구안’ 내놓자… 채권단 싸늘",https://www.hani.co.kr/arti/economy/finance/1122886.html,https://flexible.img.hani.co.kr/flexible/normal/212/127/imgdb/child/2024/0103/53_17042833790355_20240103503319.jpg,[사설] 뼈깎는 자구노력 없이는 시장 신뢰 못 얻을 태영건설,https://www.hani.co.kr/arti/opinion/editorial/1122863.html,https://flexible.img.hani.co.kr/flexible/normal/212/127/imgdb/child/2024/0103/53_17042747554491_20240103503138.jpg
경제,경제일반,"윤석민 태영 회장, 돌연 약속 파기…개인자금 416억 TY홀딩스로 돌려",2024-01-05 17:03,https://flexible.img.hani.co.kr/flexible/normal/970/647/imgdb/original/2024/0105/20240105502009.jpg,지난해 12월27일 서울 영등포구 태영건설이 위치한 태영빌딩 로비의 모습. 연합뉴스,"[%%IMAGE1%%]<p><p class=""text"">윤석민 태영그룹 회장이 태영건설에 직접 지원하기로 채권단과 약속했던 자신의 태영인더스트리 매각대금 몫 416억원을 5일 돌연 그룹 지주회사인 티와이홀딩스의 자본 확충에 전액 투입하는 안건을 이사회에서 전격 통과시켰다. 채권단은, 태영건설을 포기하는 쪽으로 윤 회장이 ‘꼬리 자르기’에 본격 나선 것으로 의심하고 있어, 오는 11일 워크아웃 개시 여부 결정 시한을 앞두고 윤 회장과 채권단 사이의 대치가 확전 양상으로 번지고 있다.</p><p class=""text"">5일 오후 티와이홀딩스는 한국거래소에 공시를 내어 “5일 ㈜티와이홀딩스가 이사회를 열고 416억원어치 ‘무기명 무보증 사모사채(영구채)’ 발행 안건을 의결했다”고 밝혔다. 이 신종자본증권(영구채)을 전액 인수하는 쪽은 윤석민 회장(티와이홀딩스 최대주주)이다. 416억원은 지난해 말 태영인더스트리 매각대금(2062억원) 가운데 윤 회장이 본인 몫으로 가져간 자금으로, 채권단과 태영은 태영건설 워크아웃 신청·협의 과정에서 이 매각대금 전액을 태영건설에 투입·지원하기로 합의했었다. 윤 회장이 갑자기 약속을 파기하고 이 돈을 티와이홀딩스에 투입하기로 한 셈이다.</p><p class=""text"">태영 쪽은 이번 자금 조달 목적을 “그룹 유동성 확보”라고 밝혔다. 이 신종자본증권으로 자본이 확충된 티와이홀딩스가 태영건설 자금 지원에 우회적으로 나설 수도 있겠지만, ‘태영건설에 대한 416억원 직접 지원’이라는 채권단과의 약속을 윤 회장이 파기한 것이어서 채권단은 당혹감을 감추지 못하고 있다. 금융당국 고위 관계자는 “황당한 일이다. 윤 회장 일가가 무슨 생각을 하고 있는 건지 우리도 파악 중”이라고 말했다. 산업은행 관계자는 “태영이 또 채권단 말을 듣지 않고 어긴 걸로 본다. 태영은 ‘사실상 우회적으로 태영건설에 넣은 거다’라고 말할 테지만 채권단이 볼 땐 아니다”라고 말했다. 채권단으로서는 태영 대주주의 태영건설 정상화 의지를 더욱 신뢰하기 어렵게 돼, 워크아웃 여부는 한치 앞을 알 수 없는 국면으로 빠져들고 있는 셈이다.</p><p class=""text"">윤 회장의 이날 전격 행동에 대해 금융당국 안팎에서는 태영건설이 기업회생절차(법정관리)로 가게 될 것을 예상한 사전 포석이자, 전날 금융당국의 ‘최후통첩’에 맞서 막판까지 채권단을 압박하려는 카드일 수 있다는 해석이 나온다. 워크아웃이 불발돼 태영건설이 법정관리에 들어가면 티와이홀딩스는 태영건설 주식지분(27.28%)에서 대거 손실이 발생해 재무구조가 악화될 터인데, 이를 염두에 둔 윤 회장이 티와이홀딩스를 지키기 위해 영구채를 통한 자본 확충에 미리 나선 게 아니냐는 것이다. 법정관리행도 불사하겠다는 태도를 밝혀, 채권단에 ‘워크아웃 개시’를 간접 압박하려는 의도라는 분석도 함께 나온다.</p><p class=""text"">이주빈 기자 <a href=""mailto:yes@hani.co.kr"">yes@hani.co.kr</a>, 이재연 기자 <a href=""mailto:jay@hani.co.kr"">jay@hani.co.kr</a></p></p>",https://www.hani.co.kr/arti/economy/economy_general/1123191.html,이복현 “남의 뼈 깎는 태영 자구안…홀딩스 내놔라” 최후통첩,https://www.hani.co.kr/arti/economy/finance/1123041.html,https://flexible.img.hani.co.kr/flexible/normal/212/127/imgdb/child/2024/0104/53_17043622213063_20240104503475.jpg,[단독] “태영 막내딸 챙긴 계열사 매각대금 500억 내놔야”…채권단 압박,https://www.hani.co.kr/arti/economy/finance/1122978.html,https://flexible.img.hani.co.kr/flexible/normal/212/127/imgdb/child/2024/0104/53_17043493230006_20240104502425.jpg,"태영, 총수 사재출연 없는 ‘맹탕 자구안’ 내놓자… 채권단 싸늘",https://www.hani.co.kr/arti/economy/finance/1122886.html,https://flexible.img.hani.co.kr/flexible/normal/212/127/imgdb/child/2024/0103/53_17042833790355_20240103503319.jpg,"산업은행 “태영건설, 약속한 계획 이행 안 해 대단히 유감”",https://www.hani.co.kr/arti/economy/finance/1122859.html,https://flexible.img.hani.co.kr/flexible/normal/212/127/imgdb/child/2024/0103/53_17042736190394_20240103503117.jpg,태영 워크아웃 첫발부터 살얼음판…대주주 고통분담 의구심,https://www.hani.co.kr/arti/economy/finance/1122711.html,https://flexible.img.hani.co.kr/flexible/normal/212/127/imgdb/child/2024/0102/53_17041896998652_20240102503397.jpg
경제,산업·재계,"기아 EV9, 북미 올해 최고의 차 SUV 부문 수상",2024-01-05 15:27,https://flexible.img.hani.co.kr/flexible/normal/800/534/imgdb/original/2024/0105/20240105501696.jpg,2024 EV9. 기아 제공,"[%%IMAGE1%%]<br><p class=""text"">기아 이브이(EV)9이 북미 시장에서 올해 최고의 차에 선정됐다. 2020년 텔루라이드, 지난해 이브이6에 이어 5년 동안 3개 차종이 북미 시장에서 올해 최고의 차로 꼽혔다. 북미 지역은 전 세계 자동차 시장 중 최고의 격전지로 꼽힌다.</p><p class=""text"">기아는 4일(현지시각) 미국 미시간주 폰티악 엠(M)1 콩코스에서 열린 ‘2024 북미 올해의 차’ 시상식에서 유틸리티(스포츠실용차) 부문 북미 올해의 차로 최종 선정됐다고 밝혔다. 지난해 이브이6에 이어 올해도 전기차 전용 플랫폼 이-지엠피(E-GMP) 기반의 전기차 이브이9이 선정된 것이다. 후보로는 현대자동차 코나(전기차 포함), 제네시스 지브이(GV)70 전동화 모델이 있었으나 이브이9이 최종 선정됐다. 승용부문 북미 올해의 차는 토요타 프리우스, 트럭부문은 포드 슈퍼 듀티가 선정됐다.</p><p class=""text"">이브이9이 북미 올해의 차를 수상하며 한국 자동차는 최근 6년 동안 5번 수상이라는 기록을 냈다. 한국 자동차의 북미 올해의 차 수상은 이번이 8번째다. 2009년 현대차 제네시스 세단(BH), 2012년 현대차 아반떼, 2019년 제네시스 지(G)70, 현대차 코나, 2020년 기아 텔루라이드, 2021년 현대차 아반떼, 지난해 기아 이브이6가 각각 선정됐다.</p><p class=""text"">최우리 기자 <a href=""mailto:ecowoori@hani.co.kr"">ecowoori@hani.co.kr</a></p>",https://www.hani.co.kr/arti/economy/marketing/1123179.html,,,,,,,,,,,,,,,
경제,산업·재계,"퀄컴, 삼성 ‘VR 헤드셋’에 탑재할 칩 공개…애플 ‘비전프로’와 정면 승부",2024-01-05 14:56,https://flexible.img.hani.co.kr/flexible/normal/700/394/imgdb/original/2024/0105/20240105501577.jpg,퀄컴이 4일(현지시간) 공개한 ‘스냅드래곤 엑스알(XR)2 2세대 플랫폼’ 소개 이미지. 퀄컴 제공,"[%%IMAGE1%%]<br><p class=""text"">퀄컴이 삼성, 구글과 함께 만들 혼합·가상현실(MR·VR) 헤드셋에 탑재할 반도체 칩(모바일 SoC)을 공개했다. 애플이 올해 상반기 혼합현실 헤드셋인 ‘비전프로’를 출시할 예정인 가운데 삼성·퀄컴·구글의 합작품이 애플의 대항마가 될지 주목된다.</p><p class=""text"">퀄컴은 4일(현지시각) 기존 제품들보다 선명함과 몰입감이 뛰어난 혼합·가상현실 경험을 제공할 ‘스냅드래곤 엑스알(XR)2 2세대 플랫폼’을 개발했다고 밝혔다. 이 플랫폼의 특징에 대해 퀄컴은 ‘4.3K 해상도(K당 약 1천개 픽셀)와 12개 이상 카메라를 지원해 숨 막힐 정도의 시각적 선명함을 제공한다”고 설명했다.</p><p class=""text"">퀄컴은 향후 이 플랫폼을 활용해 삼성·구글과 함께 선도적인 가상현실 기기를 선보일 것이라고 밝혔다. 해당 기기에 대한 자세한 설명과 출시일 등은 언급하지 않았지만, 삼성이 지난해 초 발표한 혼합현실 헤드셋이 될 가능성이 크다.</p><p class=""text"">삼성전자는 지난해 초 ‘갤럭시 언팩 2023’ 행사에서 퀄컴, 구글과 함께 가상현실 기술을 총망라한 플랫폼 생태계를 구축하겠다는 계획을 발표한 바 있다. 당시 크리스티아노 아몬 퀄컴 최고경영자(CEO)와 히로시 록하이머 구글 수석부사장도 참석해 협력 의지를 밝힌 바 있다. 삼성이 만든 기기 본체에 퀄컴의 칩세트와 구글의 운영체제(OS)를 결합한 가상현실 헤드셋 출시가 임박했다는 관측이 나온다.</p><p class=""text"">삼성·퀄컴·구글의 합작 헤드셋이 출시된다면 애플의 비전프로와 시장 주도권 경쟁을 벌일 전망이다. 외신들은 애플이 빠르면 올 2월에 ‘비전 프로’를 출시할 것으로 본다. 애플은 지난해 6월 연례 개발자회의(WWDC 2023)에서 비전 프로를 공개했는데 당시 책정한 가격은 대당 3499달러(약 460만원)였다. 비전프로는 애플이 스마트워치(애플워치) 이후 9년 만에 새롭게 출시할 하드웨어 제품으로 새 미래먹거리로 꼽힌다. 삼성을 비롯한 메타 등 글로벌 기업들도 가상현실 시장을 선도하고 애플을 견제하기 위한 가상현실 제품·기술 개발에 열을 올리고 있다.</p><p class=""text"">옥기원 기자 <a href=""mailto:ok@hani.co.kr"">ok@hani.co.kr</a></p>",https://www.hani.co.kr/arti/economy/marketing/1123173.html,영화 ‘레디 플레이어 원’ 현실화할까…애플 ‘혼합현실 헤드셋’ 임박,https://www.hani.co.kr/arti/economy/it/1094544.html,https://flexible.img.hani.co.kr/flexible/normal/212/127/imgdb/child/2023/0604/53_16858656532016_00503617_20190211.JPG,"“원 모어 씽” 환호성이 터졌다… 애플, 또 한번 ‘혁신’ 이끄나",https://www.hani.co.kr/arti/economy/it/1094806.html,https://flexible.img.hani.co.kr/flexible/normal/212/127/imgdb/child/2023/0606/53_16860428459372_20230606502011.jpg,"이번엔 ‘확장현실’…삼성전자, 구글·퀄컴 손잡고 애플과 맞대결",https://www.hani.co.kr/arti/economy/marketing/1078067.html,https://flexible.img.hani.co.kr/flexible/normal/212/127/imgdb/child/2023/0202/53_16753254290626_20230202503135.jpg,,,,,,
